id,first_name,last_name,email,gender,ip_address
1,Godard,Demageard,gdemageard0@naver.com,Male,198.74.78.34
2,Donnajean,Lawling,dlawling1@fema.gov,Female,40.23.165.110
3,Jaimie,Dahlgren,jdahlgren2@opera.com,Male,252.72.166.216
4,Shannon,Galton,sgalton3@myspace.com,Male,104.224.30.180
5,Cindra,Danzelman,cdanzelman4@histats.com,Female,84.31.82.204
6,Ada,O'Lennane,aolennane5@blogspot.com,Female,212.223.85.238
7,Aland,Iggo,aiggo6@about.com,Male,220.25.59.54
8,Janot,MacDonnell,jmacdonnell7@seesaa.net,Female,186.66.68.181
9,Farra,Spurdens,fspurdens8@zdnet.com,Female,181.102.149.81
10,Inigo,Smithend,ismithend9@geocities.jp,Male,16.23.100.40
11,Sybille,Mathonnet,smathonneta@pagesperso-orange.fr,Bigender,23.153.99.36
12,Heywood,Magwood,hmagwoodb@washington.edu,Male,242.86.123.195
13,Jessa,Bostick,jbostickc@java.com,Bigender,25.169.10.213
14,Kimbell,Meaton,kmeatond@technorati.com,Male,187.156.78.189
15,Madelon,Jeannon,mjeannone@cam.ac.uk,Female,80.79.144.102
16,Robbin,Mulvey,rmulveyf@soundcloud.com,Female,211.197.26.23
17,Cleon,Garcia,cgarciag@diigo.com,Male,15.124.70.140
18,Way,Sollas,wsollash@foxnews.com,Male,31.172.77.132
19,Nahum,Liverseege,nliverseegei@washingtonpost.com,Male,187.243.90.174
20,Eldredge,Abadam,eabadamj@usgs.gov,Bigender,125.232.20.124
21,Lucien,Kenealy,lkenealyk@meetup.com,Male,61.138.21.66
22,Shaun,Domenico,sdomenicol@wufoo.com,Male,5.44.246.127
23,Paige,Scoggan,pscogganm@blogs.com,Male,135.190.153.208
24,Matelda,Jerome,mjeromen@state.tx.us,Agender,9.78.187.46
25,Dela,Ditt,dditto@va.gov,Female,131.108.67.125
26,Antonella,Elston,aelstonp@shop-pro.jp,Genderfluid,59.69.176.247
27,Zelig,Naptine,znaptineq@dyndns.org,Male,149.84.119.41
28,Angeline,Sterricker,asterrickerr@reverbnation.com,Bigender,232.4.88.103
29,Georgia,Behling,gbehlings@ucoz.ru,Female,17.139.109.49
30,Eleonora,Nind,enindt@china.com.cn,Female,47.103.153.186
31,Waylan,Ashford,washfordu@aol.com,Male,200.83.102.67
32,Nessa,Melvin,nmelvinv@mlb.com,Female,128.110.167.238
33,Roddy,Barde,rbardew@uiuc.edu,Male,172.110.193.188
34,Dermot,Elmhurst,delmhurstx@ow.ly,Male,226.6.118.37
35,Grier,Facher,gfachery@telegraph.co.uk,Female,54.246.252.135
36,Lydon,Beagley,lbeagleyz@sun.com,Male,198.247.181.114
37,Urson,Scrauniage,uscrauniage10@moonfruit.com,Male,65.14.255.136
38,Dallon,Brombell,dbrombell11@youtube.com,Male,204.111.218.51
39,Joby,Bigby,jbigby12@miitbeian.gov.cn,Female,187.167.26.247
40,Noellyn,Tallis,ntallis13@themeforest.net,Female,172.187.20.236
41,Arvy,Erangey,aerangey14@umn.edu,Male,61.235.60.115
42,Karlan,Lippo,klippo15@goodreads.com,Male,147.122.50.201
43,Willey,Thirlwall,wthirlwall16@prnewswire.com,Male,201.22.179.216
44,Clementine,Whyffen,cwhyffen17@drupal.org,Female,150.15.215.36
45,Philomena,Duplan,pduplan18@umn.edu,Female,137.214.239.213
46,Lombard,Newgrosh,lnewgrosh19@myspace.com,Male,89.178.246.114
47,Janek,Simoneau,jsimoneau1a@newyorker.com,Male,221.152.165.32
48,Manuel,Killingbeck,mkillingbeck1b@google.ca,Male,190.173.79.54
49,Kimmi,Paumier,kpaumier1c@state.tx.us,Female,104.83.4.51
50,Abdel,Buntin,abuntin1d@icq.com,Male,77.117.246.116
51,Berni,Chesterfield,bchesterfield1e@va.gov,Female,199.91.13.85
52,Esma,d' Eye,edeye1f@ameblo.jp,Female,119.104.24.34
53,Camile,Manna,cmanna1g@ucla.edu,Bigender,48.90.219.120
54,Lisha,Chadwell,lchadwell1h@livejournal.com,Female,54.166.214.0
55,Filippo,Dewen,fdewen1i@noaa.gov,Male,196.182.231.237
56,Christophorus,Hurdwell,churdwell1j@pen.io,Male,75.165.152.210
57,Guido,Minette,gminette1k@com.com,Male,90.111.225.202
58,Bea,Farnaby,bfarnaby1l@dailymotion.com,Female,239.243.16.68
59,Agna,Haly,ahaly1m@printfriendly.com,Female,252.111.185.52
60,Lorna,Juniper,ljuniper1n@google.co.uk,Female,203.154.40.19
61,Godard,Whight,gwhight1o@liveinternet.ru,Male,67.44.50.96
62,Lynde,Mazin,lmazin1p@imageshack.us,Female,219.80.93.35
63,Susana,Dillimore,sdillimore1q@mayoclinic.com,Female,73.222.231.151
64,Fernanda,Gregoraci,fgregoraci1r@stanford.edu,Female,76.118.226.55
65,Helga,Grishechkin,hgrishechkin1s@amazon.de,Female,255.251.214.51
66,Fabio,Ebrall,febrall1t@last.fm,Male,42.4.179.217
67,Ermengarde,Holtom,eholtom1u@techcrunch.com,Female,44.237.101.119
68,Barclay,Skiplorne,bskiplorne1v@myspace.com,Male,190.45.199.81
69,Elton,Agget,eagget1w@dailymail.co.uk,Male,211.199.58.199
70,Valina,Parvin,vparvin1x@themeforest.net,Female,248.76.96.104
71,Aristotle,Tomasicchio,atomasicchio1y@goo.ne.jp,Male,241.170.163.217
72,Katie,Lapham,klapham1z@who.int,Female,98.43.36.128
73,Rabbi,Ragat,rragat20@cornell.edu,Male,12.3.189.200
74,Suki,Vakhrushin,svakhrushin21@macromedia.com,Female,49.127.202.146
75,Anetta,Wray,awray22@vistaprint.com,Female,208.190.12.71
76,Arabele,Danilin,adanilin23@trellian.com,Female,205.58.214.249
77,Erv,Motherwell,emotherwell24@state.tx.us,Male,218.26.67.164
78,Jodi,Kach,jkach25@adobe.com,Female,208.228.248.134
79,Burk,Benedito,bbenedito26@xing.com,Male,161.49.38.145
80,Diego,Tildesley,dtildesley27@umich.edu,Male,219.31.26.160
81,Brad,Franz-Schoninger,bfranzschoninger28@sphinn.com,Male,114.31.59.171
82,Cross,Yushachkov,cyushachkov29@walmart.com,Male,150.32.179.17
83,Somerset,Morter,smorter2a@dell.com,Male,219.147.29.244
84,Yevette,Ballam,yballam2b@meetup.com,Female,133.151.141.119
85,Bernice,Phear,bphear2c@devhub.com,Non-binary,195.92.129.125
86,Valaree,Curr,vcurr2d@nymag.com,Female,196.101.248.213
87,Bartholomeus,Kenelin,bkenelin2e@china.com.cn,Genderqueer,211.145.248.37
88,Timofei,Barsby,tbarsby2f@seesaa.net,Bigender,209.109.220.33
89,Fleming,Swayne,fswayne2g@statcounter.com,Bigender,115.29.61.51
90,Kienan,Trail,ktrail2h@omniture.com,Agender,255.4.188.168
91,Dorrie,Forman,dforman2i@pagesperso-orange.fr,Female,225.195.160.69
92,Cart,Moran,cmoran2j@yandex.ru,Male,47.153.235.136
93,Rafe,Mulvany,rmulvany2k@meetup.com,Male,146.58.117.222
94,Adda,Girault,agirault2l@engadget.com,Female,101.146.220.109
95,Patti,Vamplus,pvamplus2m@blogspot.com,Female,228.170.76.210
96,Elfrieda,Chopin,echopin2n@whitehouse.gov,Female,220.140.105.146
97,Dore,Andresen,dandresen2o@fc2.com,Male,137.44.165.79
98,Richy,Hodgon,rhodgon2p@discovery.com,Male,126.99.69.41
99,Ambrosius,Catlette,acatlette2q@ed.gov,Male,34.9.165.10
100,Mady,Goggey,mgoggey2r@soundcloud.com,Female,233.142.12.206
101,Rivalee,Landreth,rlandreth2s@home.pl,Female,11.224.238.156
102,Elsey,Lemmertz,elemmertz2t@hp.com,Genderfluid,169.167.85.43
103,Rey,Oneil,roneil2u@gov.uk,Male,13.175.174.40
104,Jehanna,Pauletto,jpauletto2v@sfgate.com,Female,8.193.55.18
105,Zechariah,Babber,zbabber2w@bloomberg.com,Male,141.25.211.167
106,Trevor,Anfusso,tanfusso2x@xing.com,Male,253.202.154.9
107,Cherri,Howship,chowship2y@gnu.org,Female,65.113.198.253
108,Damon,Saer,dsaer2z@google.fr,Male,5.217.108.218
109,Ari,Roubeix,aroubeix30@posterous.com,Male,201.211.128.146
110,Lindsey,Dombrell,ldombrell31@com.com,Female,237.60.31.39
111,Dugald,Swadlen,dswadlen32@spiegel.de,Male,124.253.29.245
112,Solly,Learmont,slearmont33@squarespace.com,Male,200.45.146.217
113,Marne,Warlton,mwarlton34@geocities.jp,Female,44.82.122.166
114,Germain,English,genglish35@accuweather.com,Male,35.70.107.150
115,Say,Skitterel,sskitterel36@bbb.org,Male,224.176.191.195
116,Jeanie,Saleway,jsaleway37@sbwire.com,Female,233.182.118.82
117,Shermie,Aldwick,saldwick38@angelfire.com,Male,250.152.86.241
118,Ewan,Laming,elaming39@netlog.com,Male,243.147.79.148
119,Evan,Deeson,edeeson3a@seattletimes.com,Male,234.244.196.129
120,Juana,Dobrovolski,jdobrovolski3b@bizjournals.com,Female,114.20.55.34
121,Laurel,Richemond,lrichemond3c@ed.gov,Female,217.152.42.84
122,Scot,Tondeur,stondeur3d@va.gov,Male,130.156.89.50
123,Luz,Wheelan,lwheelan3e@indiegogo.com,Female,104.35.79.85
124,Ruthie,Margaritelli,rmargaritelli3f@hostgator.com,Female,138.235.214.75
125,Car,Style,cstyle3g@livejournal.com,Male,51.47.91.5
126,Aleece,Kalisz,akalisz3h@sourceforge.net,Female,13.38.77.167
127,Lauryn,Brisset,lbrisset3i@surveymonkey.com,Female,68.207.32.148
128,Fairlie,Daenen,fdaenen3j@google.nl,Male,163.120.158.77
129,Neile,Solway,nsolway3k@woothemes.com,Polygender,182.78.114.74
130,Nicky,Rosser,nrosser3l@statcounter.com,Female,142.115.35.205
131,Whittaker,Nutley,wnutley3m@cyberchimps.com,Agender,127.152.80.94
132,Salomon,Latchford,slatchford3n@umich.edu,Male,234.59.240.195
133,Dagmar,Yurtsev,dyurtsev3o@bandcamp.com,Female,4.41.68.241
134,Joe,Andriesse,jandriesse3p@artisteer.com,Male,181.164.111.109
135,Feliza,Toye,ftoye3q@fastcompany.com,Female,49.32.253.205
136,Valaree,Arondel,varondel3r@1688.com,Female,159.117.138.97
137,Suzanne,Lewson,slewson3s@ycombinator.com,Female,144.85.201.182
138,Alyosha,Sallenger,asallenger3t@nature.com,Male,29.3.220.202
139,Rochester,Arnolds,rarnolds3u@gov.uk,Male,54.237.197.149
140,Eden,Dupoy,edupoy3v@nationalgeographic.com,Female,1.160.170.17
141,Daria,Gelletly,dgelletly3w@cloudflare.com,Female,117.240.8.212
142,Ediva,Pittwood,epittwood3x@fotki.com,Female,123.48.156.127
143,Vernice,Mealing,vmealing3y@fda.gov,Female,8.71.183.167
144,Constance,Charrington,ccharrington3z@mayoclinic.com,Genderqueer,47.158.201.236
145,Olivier,Harfleet,oharfleet40@google.nl,Male,161.164.75.238
146,Donavon,Icom,dicom41@ted.com,Male,73.100.249.68
147,Paulette,Pheby,ppheby42@youtube.com,Non-binary,57.235.238.4
148,Elianora,Addie,eaddie43@spotify.com,Female,145.244.38.113
149,Keely,Gogerty,kgogerty44@moonfruit.com,Non-binary,62.92.82.103
150,Urbain,Powell,upowell45@about.me,Male,6.57.38.227
151,Carl,Dorling,cdorling46@tinypic.com,Male,10.181.132.247
152,Carmine,Camplejohn,ccamplejohn47@yandex.ru,Female,163.112.38.31
153,Jandy,Ennew,jennew48@state.tx.us,Female,220.182.106.171
154,Lena,Pennycock,lpennycock49@deliciousdays.com,Non-binary,110.146.227.128
155,Charmine,Wildish,cwildish4a@edublogs.org,Female,150.137.47.82
156,Arney,Hutley,ahutley4b@paginegialle.it,Male,20.199.119.32
157,Perceval,Richings,prichings4c@newsvine.com,Male,95.153.64.116
158,Benjamen,Wisby,bwisby4d@washingtonpost.com,Male,176.55.37.158
159,Tobin,Merveille,tmerveille4e@hao123.com,Male,78.183.153.179
160,Ewart,Woolpert,ewoolpert4f@pagesperso-orange.fr,Agender,28.99.198.148
161,Marlow,Antonoyev,mantonoyev4g@loc.gov,Male,177.0.183.151
162,Quincey,Clibbery,qclibbery4h@soundcloud.com,Male,151.195.215.121
163,Bondie,Adamkiewicz,badamkiewicz4i@sphinn.com,Male,199.25.172.40
164,Joseph,Colville,jcolville4j@acquirethisname.com,Male,130.153.91.79
165,Korey,Piggot,kpiggot4k@adobe.com,Male,220.79.51.103
166,Gavrielle,Backsal,gbacksal4l@sphinn.com,Female,230.173.147.138
167,Stacia,Karby,skarby4m@amazon.com,Female,5.16.14.64
168,Derek,Regis,dregis4n@jalbum.net,Male,72.181.12.71
169,Danny,O'Keenan,dokeenan4o@auda.org.au,Male,50.149.10.19
170,Norry,Attow,nattow4p@163.com,Female,175.156.28.216
171,Binny,Ough,bough4q@virginia.edu,Female,190.15.88.1
172,Drusilla,Stonebanks,dstonebanks4r@utexas.edu,Female,32.237.135.230
173,Alix,McCrea,amccrea4s@liveinternet.ru,Female,102.225.202.46
174,Giffard,Killiam,gkilliam4t@prnewswire.com,Male,101.223.117.210
175,Nathanil,Rousell,nrousell4u@so-net.ne.jp,Male,120.34.149.152
176,Roddy,Covil,rcovil4v@usnews.com,Male,18.57.218.232
177,Jamie,Helmke,jhelmke4w@mayoclinic.com,Female,128.107.186.51
178,Clyde,Wortman,cwortman4x@freewebs.com,Male,102.165.170.160
179,Colet,Mooring,cmooring4y@bing.com,Male,157.208.121.127
180,Kally,Wem,kwem4z@craigslist.org,Female,63.242.184.134
181,Braden,Olin,bolin50@zdnet.com,Male,17.177.83.231
182,Jobyna,O'Noland,jonoland51@europa.eu,Female,19.208.224.31
183,Denys,Vanne,dvanne52@ft.com,Female,16.163.48.106
184,Larry,McCready,lmccready53@nih.gov,Bigender,18.233.93.88
185,Ansell,Coggins,acoggins54@patch.com,Male,133.100.6.112
186,Cindelyn,Pyrah,cpyrah55@cyberchimps.com,Female,210.96.127.210
187,Farr,Kobu,fkobu56@amazon.de,Male,71.196.81.122
188,Camel,Lepope,clepope57@npr.org,Female,108.172.162.99
189,Malvina,Levesque,mlevesque58@apple.com,Female,53.190.79.206
190,Elva,Raistrick,eraistrick59@goodreads.com,Female,70.193.211.238
191,Haily,Greaterex,hgreaterex5a@wikispaces.com,Male,194.33.201.91
192,Walden,Feavyour,wfeavyour5b@dyndns.org,Male,218.218.81.204
193,Isak,Figgess,ifiggess5c@army.mil,Male,98.205.231.218
194,Melody,Clewley,mclewley5d@hud.gov,Female,205.148.6.150
195,Camile,Saffell,csaffell5e@seattletimes.com,Female,192.107.69.0
196,Terri,Knappen,tknappen5f@imgur.com,Female,206.180.160.135
197,Ignaz,Tryme,itryme5g@ameblo.jp,Male,62.89.87.157
198,Koo,Odell,kodell5h@list-manage.com,Female,4.190.197.129
199,Hedvig,Janjic,hjanjic5i@oakley.com,Female,127.252.74.245
200,Berkeley,Ayliff,bayliff5j@oakley.com,Male,78.186.85.129
201,Hurleigh,Batterham,hbatterham5k@histats.com,Male,24.86.11.218
202,Teresina,Sodeau,tsodeau5l@theglobeandmail.com,Female,148.98.63.85
203,Patrica,Pien,ppien5m@nifty.com,Female,10.204.176.94
204,Lyndy,Ingall,lingall5n@hc360.com,Female,24.224.132.182
205,Josy,Hourican,jhourican5o@zdnet.com,Female,219.219.243.107
206,Jephthah,Dobrovolny,jdobrovolny5p@bing.com,Male,65.24.98.117
207,Donavon,Marie,dmarie5q@kickstarter.com,Male,75.52.41.139
208,Myrtle,Ephgrave,mephgrave5r@ameblo.jp,Female,132.80.218.58
209,Jaquenette,Lampert,jlampert5s@flavors.me,Female,188.255.17.71
210,Lorianna,MacCaffrey,lmaccaffrey5t@mozilla.org,Female,201.184.37.8
211,Elroy,Henric,ehenric5u@furl.net,Male,86.250.158.157
212,Didi,Hodgins,dhodgins5v@shop-pro.jp,Female,148.243.66.59
213,Barnebas,Zamudio,bzamudio5w@cbsnews.com,Male,116.166.240.23
214,Zacharia,Surcombe,zsurcombe5x@google.co.uk,Male,91.160.240.71
215,Gayel,Gauch,ggauch5y@creativecommons.org,Female,95.199.34.136
216,Margo,Woodyear,mwoodyear5z@gnu.org,Female,173.3.227.56
217,Fredi,Sherel,fsherel60@google.com.hk,Female,173.137.127.182
218,Eziechiele,Luckett,eluckett61@ox.ac.uk,Male,251.167.193.108
219,Emmanuel,Craney,ecraney62@craigslist.org,Male,113.191.148.154
220,Blondy,Channer,bchanner63@i2i.jp,Polygender,37.188.117.231
221,Kane,Bridgeland,kbridgeland64@bluehost.com,Male,206.237.251.134
222,Korella,Littlejohn,klittlejohn65@wired.com,Female,166.212.12.144
223,Karlie,Yerrington,kyerrington66@slashdot.org,Female,97.0.73.237
224,Ewan,Plumb,eplumb67@webmd.com,Male,171.160.249.3
225,Delmore,Kilgour,dkilgour68@unblog.fr,Male,44.53.125.105
226,Stanislaw,Gillum,sgillum69@nydailynews.com,Male,89.88.110.170
227,Gladi,Scotsbrook,gscotsbrook6a@angelfire.com,Female,164.247.248.238
228,Ezequiel,Barniss,ebarniss6b@xrea.com,Male,131.25.248.58
229,Jacqui,Nortunen,jnortunen6c@toplist.cz,Female,95.70.134.241
230,Amble,McCluskey,amccluskey6d@huffingtonpost.com,Male,43.138.69.221
231,Sheila,Wetter,swetter6e@clickbank.net,Genderqueer,246.174.41.117
232,Xever,Alfonzo,xalfonzo6f@imageshack.us,Male,234.103.175.146
233,Lari,O'Drought,lodrought6g@cocolog-nifty.com,Female,15.240.6.193
234,Laurena,Erricker,lerricker6h@cloudflare.com,Female,31.226.124.84
235,Jacques,Seydlitz,jseydlitz6i@hatena.ne.jp,Male,192.59.27.55
236,Gasper,Gianilli,ggianilli6j@nymag.com,Male,234.39.50.118
237,Suzann,Job,sjob6k@shop-pro.jp,Female,162.221.55.74
238,Markos,Hendrickson,mhendrickson6l@noaa.gov,Male,70.126.114.53
239,Patrick,Lamprey,plamprey6m@slate.com,Agender,206.158.118.221
240,Sullivan,Ojeda,sojeda6n@cnbc.com,Male,248.23.23.160
241,Darwin,Clitherow,dclitherow6o@vistaprint.com,Male,148.165.225.35
242,Boone,Kibblewhite,bkibblewhite6p@jalbum.net,Male,190.82.41.248
243,Meara,Heavyside,mheavyside6q@smugmug.com,Female,229.114.150.68
244,Nickolas,Joplin,njoplin6r@mysql.com,Genderqueer,140.31.89.157
245,Lyssa,Deighton,ldeighton6s@pagesperso-orange.fr,Female,126.59.213.55
246,Erwin,Seage,eseage6t@icio.us,Male,127.107.244.12
247,Clemmy,Hexter,chexter6u@salon.com,Male,99.56.249.115
248,Yehudit,Desseine,ydesseine6v@so-net.ne.jp,Male,61.11.9.195
249,Dunc,Bynold,dbynold6w@upenn.edu,Male,55.204.22.242
250,Addi,Jewers,ajewers6x@microsoft.com,Female,207.67.53.21
251,Alford,Gobeau,agobeau6y@wiley.com,Male,191.46.99.112
252,Jenelle,Callaby,jcallaby6z@nifty.com,Female,174.125.57.216
253,Ulberto,Yanez,uyanez70@who.int,Male,217.28.215.165
254,Caryl,Weymouth,cweymouth71@ucoz.com,Male,242.195.59.155
255,Gustav,Coarser,gcoarser72@ovh.net,Male,254.113.245.118
256,Stormy,Beyn,sbeyn73@unesco.org,Genderqueer,30.101.243.46
257,Valery,Gonzalez,vgonzalez74@virginia.edu,Female,75.88.224.231
258,Costanza,Petrussi,cpetrussi75@bbc.co.uk,Female,95.120.171.181
259,Bendick,Tripean,btripean76@joomla.org,Male,5.71.147.236
260,Sapphire,Pantecost,spantecost77@sun.com,Female,238.190.205.134
261,Claudette,Weatherburn,cweatherburn78@godaddy.com,Agender,189.144.117.228
262,Rhys,Paulino,rpaulino79@nbcnews.com,Male,46.86.223.152
263,Bekki,Heinsius,bheinsius7a@simplemachines.org,Female,119.91.243.194
264,Wilmer,Doore,wdoore7b@hugedomains.com,Male,190.4.133.246
265,Galina,Jouanot,gjouanot7c@reference.com,Non-binary,89.213.78.102
266,Tabbie,Orpwood,torpwood7d@sohu.com,Male,163.69.5.178
267,Arni,Wagenen,awagenen7e@friendfeed.com,Male,234.92.36.82
268,Roda,Dimberline,rdimberline7f@geocities.com,Female,181.185.9.255
269,Davine,Terrazzo,dterrazzo7g@arizona.edu,Female,173.233.238.109
270,Larina,Killerby,lkillerby7h@sphinn.com,Female,23.76.190.128
271,Dur,Trevarthen,dtrevarthen7i@vkontakte.ru,Male,125.78.2.180
272,Camile,Plett,cplett7j@youku.com,Female,202.251.177.215
273,Steven,Dempster,sdempster7k@biglobe.ne.jp,Male,0.51.228.196
274,Ellswerth,Burkwood,eburkwood7l@google.com,Non-binary,167.239.56.176
275,Renault,Stapele,rstapele7m@joomla.org,Male,234.44.86.88
276,Ricki,Peel,rpeel7n@opera.com,Male,34.42.198.40
277,Harwilll,Thomke,hthomke7o@hatena.ne.jp,Male,23.207.159.111
278,Roma,Klas,rklas7p@admin.ch,Male,69.120.56.188
279,Sherry,Cleeve,scleeve7q@independent.co.uk,Female,139.35.187.188
280,Katalin,March,kmarch7r@ucsd.edu,Female,64.190.139.50
281,Thia,Kinkead,tkinkead7s@arstechnica.com,Female,118.157.39.207
282,Frederigo,Samter,fsamter7t@google.co.jp,Male,22.252.95.9
283,Windy,Fozzard,wfozzard7u@clickbank.net,Female,61.44.86.109
284,Hanson,Frill,hfrill7v@edublogs.org,Male,3.225.168.246
285,Willis,Meese,wmeese7w@nps.gov,Male,28.204.197.234
286,Micah,Snyder,msnyder7x@economist.com,Male,16.156.133.158
287,Alf,Kilshall,akilshall7y@sourceforge.net,Male,100.111.205.29
288,Reube,Boar,rboar7z@nsw.gov.au,Agender,196.224.147.150
289,Bonnibelle,Roncelli,broncelli80@wikia.com,Female,247.206.33.147
290,Sheridan,Brimley,sbrimley81@gov.uk,Male,206.170.229.189
291,Clevey,Lowensohn,clowensohn82@sogou.com,Male,69.30.253.246
292,Amitie,Hughf,ahughf83@tripod.com,Female,3.12.247.152
293,Carson,Gallemore,cgallemore84@geocities.com,Male,93.217.23.108
294,Laetitia,Swadlinge,lswadlinge85@joomla.org,Female,24.106.32.74
295,Alon,Comley,acomley86@mtv.com,Male,184.163.237.250
296,Goddart,Riggey,griggey87@businesswire.com,Male,120.21.66.227
297,Celinka,Beekmann,cbeekmann88@youtube.com,Female,118.136.189.25
298,Zelig,Balch,zbalch89@seattletimes.com,Male,54.47.30.133
299,Kilian,Bortolozzi,kbortolozzi8a@bbb.org,Male,32.112.214.149
300,Starla,Caen,scaen8b@epa.gov,Female,205.44.217.94
301,Wendie,Puvia,wpuvia8c@360.cn,Female,63.84.18.255
302,Jourdan,Elgee,jelgee8d@dell.com,Female,138.153.54.55
303,Larine,Hawkswood,lhawkswood8e@t-online.de,Polygender,48.139.8.216
304,Priscella,Huban,phuban8f@bbc.co.uk,Female,121.235.195.194
305,Giffie,Gadie,ggadie8g@eventbrite.com,Male,90.146.227.201
306,Brucie,Faltskog,bfaltskog8h@dedecms.com,Male,109.36.219.227
307,Anthony,Goathrop,agoathrop8i@sogou.com,Genderfluid,162.104.142.84
308,Kip,Rubinowitz,krubinowitz8j@washingtonpost.com,Male,36.174.230.151
309,Clarita,Annetts,cannetts8k@hubpages.com,Genderqueer,133.201.198.27
310,Shaughn,Jackman,sjackman8l@cloudflare.com,Male,252.237.16.156
311,Hollis,Parades,hparades8m@imageshack.us,Male,55.222.238.193
312,Terrye,Bubbins,tbubbins8n@google.ca,Female,118.151.82.213
313,Elspeth,Buggy,ebuggy8o@mtv.com,Female,21.72.35.144
314,Norah,Leacock,nleacock8p@desdev.cn,Female,125.58.23.111
315,Karel,Docker,kdocker8q@123-reg.co.uk,Male,89.56.140.252
316,Dollie,Bonds,dbonds8r@sitemeter.com,Female,112.188.154.107
317,Sisely,Slateford,sslateford8s@i2i.jp,Female,233.252.172.206
318,Heather,Lagadu,hlagadu8t@meetup.com,Female,238.12.196.16
319,Ulrica,Dutson,udutson8u@netvibes.com,Female,201.133.41.61
320,Beverley,Livingstone,blivingstone8v@columbia.edu,Female,82.40.31.5
321,Bert,Handaside,bhandaside8w@ovh.net,Female,5.73.195.196
322,Michael,Pirson,mpirson8x@shinystat.com,Male,191.234.138.160
323,Pearla,Pincked,ppincked8y@ftc.gov,Female,199.115.192.171
324,Camila,Snowling,csnowling8z@unc.edu,Female,199.243.13.12
325,Joshuah,Evenden,jevenden90@ocn.ne.jp,Male,115.133.19.175
326,Nicolea,Edlestone,nedlestone91@facebook.com,Female,183.34.80.27
327,Marcille,Ebbins,mebbins92@tuttocitta.it,Female,109.43.109.173
328,Manfred,Haborn,mhaborn93@naver.com,Male,184.42.12.202
329,Alick,Rackham,arackham94@ihg.com,Male,31.238.127.220
330,Yanaton,Woollin,ywoollin95@seattletimes.com,Male,202.158.11.167
331,Livia,Yurchishin,lyurchishin96@usa.gov,Female,228.240.30.162
332,Armstrong,Giffon,agiffon97@google.it,Genderqueer,158.165.103.133
333,Joshuah,Baude,jbaude98@meetup.com,Male,139.17.156.226
334,Dorelle,MacIlurick,dmacilurick99@biblegateway.com,Female,10.243.146.75
335,Barty,Bunny,bbunny9a@hud.gov,Male,153.13.41.146
336,Lexis,Maddyson,lmaddyson9b@mediafire.com,Female,97.126.70.217
337,Britteny,Bidnall,bbidnall9c@godaddy.com,Female,71.221.110.180
338,Yehudi,Petrina,ypetrina9d@adobe.com,Male,249.13.14.14
339,Nikoletta,Leeb,nleeb9e@altervista.org,Female,40.209.71.175
340,Rooney,Brayshaw,rbrayshaw9f@myspace.com,Male,252.120.196.59
341,Wiley,Oliphant,woliphant9g@washingtonpost.com,Male,166.209.23.119
342,Culver,MacGoun,cmacgoun9h@baidu.com,Male,57.146.32.121
343,Paxon,Carmen,pcarmen9i@msu.edu,Male,162.145.98.130
344,Brunhilde,Verlander,bverlander9j@elegantthemes.com,Female,64.248.150.9
345,Sybyl,Ghost,sghost9k@surveymonkey.com,Agender,183.170.71.73
346,Warde,Roote,wroote9l@typepad.com,Male,128.100.230.35
347,Wanda,Sinyard,wsinyard9m@ifeng.com,Female,4.8.158.150
348,Barrie,Brangan,bbrangan9n@cnn.com,Male,122.177.58.47
349,Bobina,Jako,bjako9o@nasa.gov,Bigender,223.80.61.48
350,Oren,McPeice,omcpeice9p@ustream.tv,Male,36.132.34.54
351,Royall,Ainscough,rainscough9q@ning.com,Male,83.111.85.158
352,Phil,Plaide,pplaide9r@pagesperso-orange.fr,Male,129.47.25.79
353,Ezra,Piser,episer9s@wix.com,Bigender,173.211.24.190
354,Tabby,Maggill'Andreis,tmaggillandreis9t@moonfruit.com,Genderqueer,200.165.205.243
355,Merci,Ivasechko,mivasechko9u@woothemes.com,Female,144.31.20.58
356,Joey,Van der Beek,jvanderbeek9v@surveymonkey.com,Male,149.45.99.60
357,Wyn,Lutton,wlutton9w@usnews.com,Male,55.140.147.34
358,Marchall,Lynes,mlynes9x@japanpost.jp,Male,89.84.27.224
359,Clint,Cossans,ccossans9y@privacy.gov.au,Male,160.125.33.177
360,Esta,Mirfin,emirfin9z@addtoany.com,Female,151.62.201.77
361,Wylma,Gravells,wgravellsa0@storify.com,Female,146.247.160.202
362,Horace,Gartenfeld,hgartenfelda1@apache.org,Agender,204.121.250.208
363,Kali,Rhodes,krhodesa2@ucsd.edu,Genderfluid,103.144.109.81
364,Bevon,Sabate,bsabatea3@addtoany.com,Male,80.91.133.11
365,Isobel,Dominka,idominkaa4@cpanel.net,Female,233.138.13.90
366,Grantham,Tallent,gtallenta5@soundcloud.com,Male,231.124.142.202
367,Alma,Vankov,avankova6@springer.com,Female,172.254.190.160
368,Duffy,Antecki,danteckia7@sciencedaily.com,Male,202.56.220.127
369,Clarance,Avesque,cavesquea8@senate.gov,Genderqueer,122.54.28.251
370,Adara,Switsur,aswitsura9@vkontakte.ru,Agender,229.89.54.80
371,Rubin,Hellwing,rhellwingaa@wp.com,Male,105.156.121.180
372,Nikita,Greenside,ngreensideab@51.la,Male,74.76.151.105
373,Anatol,Cowderay,acowderayac@facebook.com,Polygender,225.149.168.98
374,Town,Trimmell,ttrimmellad@bravesites.com,Agender,38.113.128.182
375,Tommie,O'Murtagh,tomurtaghae@salon.com,Male,19.108.232.215
376,Cora,Jaimez,cjaimezaf@wiley.com,Female,217.95.214.77
377,Melisenda,Gresly,mgreslyag@tinyurl.com,Female,208.17.116.251
378,Hodge,Stapleton,hstapletonah@go.com,Male,129.202.44.4
379,Berget,Geroldo,bgeroldoai@bravesites.com,Female,43.61.59.242
380,Constantin,Gagan,cgaganaj@freewebs.com,Male,33.171.69.220
381,Juanita,Redit,jreditak@oaic.gov.au,Female,125.227.46.149
382,Kissie,Winteringham,kwinteringhamal@tinypic.com,Female,20.90.158.23
383,Ambrosio,Eliasson,aeliassonam@twitpic.com,Agender,237.6.204.71
384,Georg,Blaske,gblaskean@wufoo.com,Male,127.32.137.182
385,Gabby,Barefoot,gbarefootao@ihg.com,Male,233.133.27.184
386,Niko,Gauler,ngaulerap@elpais.com,Male,175.205.147.95
387,Shirl,Kibel,skibelaq@ox.ac.uk,Female,36.110.236.191
388,Othella,Munnery,omunneryar@apache.org,Female,102.65.204.55
389,Boothe,McCully,bmccullyas@wikipedia.org,Male,164.121.113.1
390,Cicely,Varvell,cvarvellat@g.co,Female,88.39.236.163
391,Kalil,Grishmanov,kgrishmanovau@mapy.cz,Male,136.158.9.106
392,Claresta,Le Friec,clefriecav@yolasite.com,Female,11.145.151.116
393,Kelci,Jollands,kjollandsaw@instagram.com,Female,129.234.157.35
394,Waverley,Mattei,wmatteiax@guardian.co.uk,Male,241.207.75.3
395,Courtney,Balsellie,cbalsellieay@youtu.be,Bigender,99.107.35.145
396,Michael,Griniov,mgriniovaz@privacy.gov.au,Male,168.145.146.112
397,Lynnette,Connechy,lconnechyb0@amazonaws.com,Female,203.213.226.191
398,Junie,Skim,jskimb1@adobe.com,Female,196.147.170.214
399,Elita,Glanert,eglanertb2@photobucket.com,Female,197.160.53.58
400,Bram,Leavry,bleavryb3@yale.edu,Male,8.236.39.94
401,Bear,Ghion,bghionb4@bloglovin.com,Bigender,245.78.90.204
402,Kalvin,Hilland,khillandb5@skyrock.com,Male,37.10.239.58
403,Tami,Sale,tsaleb6@nydailynews.com,Female,153.67.194.242
404,Cissiee,Bocking,cbockingb7@cisco.com,Female,164.47.131.128
405,Claire,Fasson,cfassonb8@dailymotion.com,Male,217.148.234.86
406,Wolfy,Stubbington,wstubbingtonb9@livejournal.com,Male,59.151.180.215
407,Letisha,Hankins,lhankinsba@psu.edu,Female,48.80.161.220
408,Jay,Naismith,jnaismithbb@virginia.edu,Male,212.74.190.35
409,Sergent,Goodoune,sgoodounebc@drupal.org,Male,95.168.115.169
410,Zena,Sawyer,zsawyerbd@smh.com.au,Female,18.182.125.37
411,Mattias,Garcia,mgarciabe@miitbeian.gov.cn,Male,34.148.178.253
412,Raquela,Bushe,rbushebf@goo.ne.jp,Female,240.26.218.93
413,Ruthanne,Drever,rdreverbg@forbes.com,Female,251.251.221.147
414,Leela,Bellow,lbellowbh@angelfire.com,Female,205.109.4.224
415,Susy,Mandre,smandrebi@noaa.gov,Female,159.74.70.90
416,Alfonso,Mathewson,amathewsonbj@harvard.edu,Male,172.102.164.22
417,Kenn,Bale,kbalebk@google.it,Male,20.92.85.33
418,Adey,Maffy,amaffybl@intel.com,Female,109.61.13.40
419,Brockie,O' Mullan,bomullanbm@nbcnews.com,Male,190.199.67.33
420,Kary,Clewarth,kclewarthbn@fastcompany.com,Female,136.114.161.87
421,Tory,Aleksandrov,taleksandrovbo@discuz.net,Female,88.65.119.33
422,Enrico,Feldklein,efeldkleinbp@cargocollective.com,Male,166.244.232.166
423,Marlee,Klee,mkleebq@google.it,Female,58.5.75.164
424,Jacky,Hallor,jhallorbr@facebook.com,Female,195.163.93.123
425,Avictor,Elverston,aelverstonbs@slate.com,Male,109.109.173.13
426,Maddalena,Ayling,maylingbt@spotify.com,Female,171.208.75.78
427,Devonne,Barens,dbarensbu@amazon.de,Female,219.46.106.5
428,Monika,Hasson,mhassonbv@gizmodo.com,Female,12.240.70.231
429,Sheena,Draper,sdraperbw@accuweather.com,Female,94.191.202.101
430,Nowell,Larciere,nlarcierebx@twitpic.com,Male,238.230.63.69
431,Joy,Alleyn,jalleynby@bluehost.com,Bigender,220.200.241.167
432,Worthington,Bamforth,wbamforthbz@deviantart.com,Male,207.16.148.222
433,Ermin,Lishman,elishmanc0@dell.com,Male,125.145.184.150
434,Julietta,Jerrim,jjerrimc1@ask.com,Female,153.1.164.23
435,Marieann,Diggons,mdiggonsc2@cam.ac.uk,Female,177.55.191.20
436,Don,Thomassen,dthomassenc3@elegantthemes.com,Male,209.154.167.172
437,Jerrold,Defond,jdefondc4@mozilla.com,Male,233.149.143.113
438,Price,Maulin,pmaulinc5@mysql.com,Male,128.97.202.173
439,Roselia,Creyke,rcreykec6@bloglovin.com,Agender,175.118.144.92
440,Johannes,Hoggin,jhogginc7@hp.com,Male,209.106.159.247
441,Ossie,Pavlovsky,opavlovskyc8@cam.ac.uk,Male,116.215.213.48
442,Mathe,Nobbs,mnobbsc9@ihg.com,Male,17.203.157.19
443,Selena,Hyman,shymanca@clickbank.net,Female,177.207.252.241
444,Benedict,McGooch,bmcgoochcb@4shared.com,Male,252.253.151.42
445,Fairleigh,Gowrie,fgowriecc@symantec.com,Male,121.112.224.219
446,Eugene,Ponte,epontecd@timesonline.co.uk,Male,224.98.30.242
447,Pace,Element,pelementce@archive.org,Male,72.125.22.184
448,Tomas,Rennebach,trennebachcf@berkeley.edu,Male,114.3.68.169
449,Konstantin,Bulled,kbulledcg@bloglovin.com,Polygender,80.105.200.126
450,Lorant,Kyston,lkystonch@ning.com,Male,240.69.98.57
451,Kristal,Worms,kwormsci@shinystat.com,Bigender,228.105.168.108
452,Nilson,Tunno,ntunnocj@examiner.com,Male,7.73.66.227
453,Chrissy,Bartot,cbartotck@reference.com,Male,75.244.152.87
454,Bartolemo,Swetman,bswetmancl@liveinternet.ru,Male,193.111.192.215
455,Dory,Demangeot,ddemangeotcm@diigo.com,Male,233.74.88.68
456,Beverly,Beevens,bbeevenscn@deliciousdays.com,Female,203.155.66.207
457,Carine,Meert,cmeertco@geocities.jp,Female,83.189.184.191
458,Lanae,Erskine Sandys,lerskinesandyscp@independent.co.uk,Female,132.219.108.240
459,Mandi,Reeson,mreesoncq@nyu.edu,Female,238.160.179.189
460,Rickert,Ivel,rivelcr@apache.org,Male,86.92.169.23
461,Beatriz,Roddick,broddickcs@altervista.org,Female,199.78.136.211
462,Robb,Hillburn,rhillburnct@weibo.com,Male,176.65.218.151
463,Geno,Gaylard,ggaylardcu@tiny.cc,Male,214.115.34.88
464,Moore,Picard,mpicardcv@aol.com,Male,151.247.116.41
465,Janis,Dibnah,jdibnahcw@latimes.com,Female,104.20.52.195
466,Eva,Kelleway,ekellewaycx@auda.org.au,Female,19.153.172.88
467,Miner,Curton,mcurtoncy@oakley.com,Male,180.72.113.154
468,Zack,Vernazza,zvernazzacz@deliciousdays.com,Male,174.146.219.28
469,Krishna,Gauntlett,kgauntlettd0@list-manage.com,Male,211.248.89.127
470,Barn,MacAskill,bmacaskilld1@wufoo.com,Male,84.0.148.128
471,Paloma,Tomini,ptominid2@alexa.com,Female,72.174.45.190
472,Patrizio,Sturton,psturtond3@va.gov,Male,181.10.36.155
473,Sondra,Tchir,stchird4@tuttocitta.it,Female,205.97.176.61
474,Lazare,Duplan,ldupland5@vkontakte.ru,Male,178.11.253.205
475,Winna,Fullman,wfullmand6@tamu.edu,Female,144.190.247.173
476,Jeri,Sandaver,jsandaverd7@sphinn.com,Female,250.127.219.70
477,Wynny,Barthel,wbartheld8@php.net,Female,105.118.55.250
478,Lisha,Lightewood,llightewoodd9@pen.io,Female,3.201.106.254
479,Spencer,Bingley,sbingleyda@soundcloud.com,Male,123.77.191.141
480,Katuscha,Jorry,kjorrydb@washington.edu,Agender,94.100.236.162
481,Lynsey,Kingham,lkinghamdc@clickbank.net,Female,159.178.3.20
482,Bob,Verman,bvermandd@google.cn,Male,209.144.126.217
483,Riobard,Chevins,rchevinsde@macromedia.com,Male,111.86.209.35
484,Adrian,Campey,acampeydf@bandcamp.com,Female,44.65.102.95
485,Bary,Stanistrete,bstanistretedg@cnbc.com,Male,138.221.127.170
486,Silvio,Cabrales,scabralesdh@spiegel.de,Male,20.119.80.43
487,Weber,Fildes,wfildesdi@hostgator.com,Male,94.147.221.92
488,Suzi,Wakeham,swakehamdj@theatlantic.com,Female,22.203.4.251
489,Gearalt,Capozzi,gcapozzidk@blogtalkradio.com,Male,35.132.233.173
490,Bo,Pyrah,bpyrahdl@jigsy.com,Male,62.199.84.6
491,Franzen,Huard,fhuarddm@t-online.de,Male,223.219.189.246
492,Baron,Roy,broydn@buzzfeed.com,Male,162.163.142.0
493,Phillip,Rosenauer,prosenauerdo@behance.net,Genderqueer,152.133.111.20
494,Wynny,Taylder,wtaylderdp@newsvine.com,Non-binary,201.92.68.138
495,Guglielma,O'Haire,gohairedq@hc360.com,Female,186.13.233.204
496,Xenia,Cordeiro,xcordeirodr@bing.com,Female,191.233.77.186
497,Zelda,Skellorne,zskellorneds@accuweather.com,Female,182.131.254.44
498,Christalle,Quarrington,cquarringtondt@ox.ac.uk,Genderfluid,235.222.46.237
499,Ado,Laraway,alarawaydu@noaa.gov,Male,118.73.116.127
500,Jose,Maidment,jmaidmentdv@com.com,Male,203.217.199.68
501,Adelaida,Hymus,ahymusdw@senate.gov,Female,66.31.89.216
502,Filmer,Harvison,fharvisondx@domainmarket.com,Male,222.54.48.224
503,Heall,Danskine,hdanskinedy@theguardian.com,Male,108.26.139.216
504,Nanni,Brotheridge,nbrotheridgedz@infoseek.co.jp,Female,9.216.242.214
505,Richie,Pavolillo,rpavolilloe0@zimbio.com,Male,167.12.22.175
506,Linn,Felix,lfelixe1@yellowbook.com,Female,28.177.235.88
507,Rob,Lothlorien,rlothloriene2@theglobeandmail.com,Male,249.207.191.163
508,Caldwell,Leasor,cleasore3@indiegogo.com,Male,184.157.211.243
509,Shayna,Lemary,slemarye4@globo.com,Female,71.199.161.18
510,Waldo,Legges,wleggese5@joomla.org,Male,236.150.93.103
511,Win,Janisson,wjanissone6@abc.net.au,Male,191.151.95.158
512,Lucky,Krzysztof,lkrzysztofe7@oaic.gov.au,Female,185.158.12.89
513,Aloisia,Busher,abushere8@accuweather.com,Female,67.193.63.11
514,Timmy,Dobbison,tdobbisone9@joomla.org,Female,155.247.26.166
515,Bekki,Paulusch,bpauluschea@sbwire.com,Female,151.112.155.172
516,Thomasa,Trodler,ttrodlereb@cisco.com,Female,167.246.35.73
517,Linc,Jukubczak,ljukubczakec@hugedomains.com,Male,164.63.224.112
518,Sadye,Brownlow,sbrownlowed@google.co.uk,Female,12.6.209.125
519,Neddie,Coogan,ncooganee@free.fr,Genderfluid,130.77.138.170
520,Sal,Longman,slongmanef@usatoday.com,Male,33.32.107.74
521,El,Edson,eedsoneg@constantcontact.com,Male,145.175.84.175
522,Hillard,Vanns,hvannseh@census.gov,Male,84.35.3.179
523,Janene,Hadgkiss,jhadgkissei@cocolog-nifty.com,Female,154.52.196.104
524,Jackie,Mingey,jmingeyej@nih.gov,Female,215.11.42.220
525,Preston,Rothschild,prothschildek@reuters.com,Male,35.135.238.152
526,Enrique,Shinn,eshinnel@odnoklassniki.ru,Male,185.164.104.98
527,Mella,Southerden,msoutherdenem@arizona.edu,Female,131.165.99.172
528,Priscella,Gounot,pgounoten@columbia.edu,Female,150.11.136.176
529,Port,Jozef,pjozefeo@springer.com,Male,78.225.20.189
530,Casper,Holdron,choldronep@ask.com,Male,249.108.160.145
531,Jeanna,Lynnett,jlynnetteq@msn.com,Female,75.80.15.58
532,Troy,Kynan,tkynaner@cnet.com,Male,128.121.107.225
533,Caryn,Kloster,cklosteres@who.int,Agender,76.92.81.226
534,Colet,Heyball,cheyballet@examiner.com,Male,17.140.201.233
535,Kiley,Gatchell,kgatchelleu@infoseek.co.jp,Female,81.142.76.242
536,Quentin,Wrettum,qwrettumev@wiley.com,Male,218.119.173.105
537,Alix,Doull,adoullew@umich.edu,Male,43.121.78.77
538,Angelique,Brew,abrewex@loc.gov,Female,183.0.9.189
539,Townie,Paike,tpaikeey@yahoo.com,Male,207.23.146.111
540,Tome,Caldecot,tcaldecotez@ucoz.ru,Male,127.199.170.205
541,Teddy,Conrart,tconrartf0@gov.uk,Male,29.58.91.229
542,Ashlee,Southard,asouthardf1@wiley.com,Female,225.96.152.204
543,Eleen,Heiner,eheinerf2@godaddy.com,Female,76.184.58.245
544,Goober,Worsham,gworshamf3@patch.com,Male,81.219.69.186
545,Jandy,Rishworth,jrishworthf4@taobao.com,Female,36.63.14.153
546,Raine,Junkison,rjunkisonf5@cdbaby.com,Female,34.231.102.68
547,Wyn,Farahar,wfaraharf6@disqus.com,Male,25.111.243.209
548,Hillard,Signoret,hsignoretf7@pen.io,Male,141.106.71.208
549,Carmencita,Borrington,cborringtonf8@springer.com,Female,157.157.169.15
550,Becca,Kaemena,bkaemenaf9@shareasale.com,Female,99.255.58.152
551,Lauretta,Waudby,lwaudbyfa@godaddy.com,Female,45.85.182.78
552,Ailina,Brown,abrownfb@usgs.gov,Genderfluid,174.193.165.174
553,Gavin,Hafner,ghafnerfc@bluehost.com,Male,218.102.191.223
554,Solomon,Eloy,seloyfd@wufoo.com,Male,153.75.60.128
555,Sallie,Coffelt,scoffeltfe@1und1.de,Agender,135.154.146.143
556,Jess,Sharnock,jsharnockff@goodreads.com,Male,173.170.118.221
557,Jarib,Mapplebeck,jmapplebeckfg@github.io,Male,82.25.241.106
558,Juline,Dumini,jduminifh@ustream.tv,Female,196.77.115.55
559,Xever,Skelhorn,xskelhornfi@apple.com,Male,244.244.179.48
560,Marlyn,Aloshikin,maloshikinfj@mysql.com,Female,9.13.162.149
561,Weidar,Viggers,wviggersfk@nba.com,Male,68.18.115.68
562,Evangelia,Stener,estenerfl@biblegateway.com,Female,11.174.206.22
563,Spike,Hainning,shainningfm@google.it,Male,101.4.250.36
564,Sula,Beany,sbeanyfn@vimeo.com,Female,202.142.162.242
565,Laurel,Waison,lwaisonfo@slate.com,Female,47.68.167.142
566,Kissee,Becker,kbeckerfp@e-recht24.de,Female,147.231.45.127
567,Launce,Sansun,lsansunfq@histats.com,Male,49.27.124.165
568,Jobey,Keeton,jkeetonfr@uiuc.edu,Female,97.136.145.124
569,Carlene,Stocking,cstockingfs@comsenz.com,Female,88.166.240.15
570,Reinwald,Briar,rbriarft@smugmug.com,Male,161.9.127.71
571,Katy,Abramovitch,kabramovitchfu@joomla.org,Female,161.232.63.21
572,Lemuel,Regorz,lregorzfv@mozilla.com,Male,181.149.226.227
573,Amii,Braybrookes,abraybrookesfw@ca.gov,Female,239.242.97.92
574,Annora,Hakewell,ahakewellfx@gmpg.org,Female,203.191.137.196
575,Lauren,Jacquemard,ljacquemardfy@wired.com,Male,120.31.129.170
576,Minni,Thirwell,mthirwellfz@jugem.jp,Female,170.210.96.244
577,Meris,Newcomen,mnewcomeng0@ameblo.jp,Female,102.157.122.184
578,Danny,Gwatkins,dgwatkinsg1@auda.org.au,Female,117.141.232.33
579,Marina,Inott,minottg2@bing.com,Female,189.94.239.133
580,Elbert,Smout,esmoutg3@bbb.org,Genderqueer,215.8.0.171
581,Brenden,Wattisham,bwattishamg4@go.com,Male,227.61.81.90
582,Claudio,McDugal,cmcdugalg5@europa.eu,Male,21.121.156.73
583,Clifford,Frith,cfrithg6@posterous.com,Male,230.31.182.120
584,Benedicto,Kemme,bkemmeg7@vistaprint.com,Male,222.70.53.215
585,Reinwald,Pulham,rpulhamg8@goodreads.com,Male,233.40.159.24
586,Emera,Wordley,ewordleyg9@360.cn,Female,188.222.253.34
587,Antin,Abbyss,aabbyssga@mit.edu,Male,96.217.25.121
588,Grissel,Keesman,gkeesmangb@time.com,Female,150.166.45.50
589,Cly,Sedgwick,csedgwickgc@biglobe.ne.jp,Male,118.246.144.20
590,Donnell,Cordner,dcordnergd@live.com,Male,76.135.26.247
591,Odie,Pilkinton,opilkintonge@dailymail.co.uk,Male,51.137.71.172
592,Jonathan,Lipmann,jlipmanngf@goodreads.com,Male,121.57.139.47
593,Ware,Cowoppe,wcowoppegg@wp.com,Male,101.159.248.30
594,Charlton,Deas,cdeasgh@51.la,Bigender,41.71.208.84
595,Elene,Munnings,emunningsgi@phpbb.com,Female,40.175.69.154
596,Cheri,Moryson,cmorysongj@youtu.be,Female,123.172.174.83
597,Susan,Breffit,sbreffitgk@alexa.com,Female,103.124.51.255
598,Bartholomeus,Alexsandrowicz,balexsandrowiczgl@ustream.tv,Male,118.146.11.226
599,Tanya,Dendon,tdendongm@bloglines.com,Female,108.178.111.150
600,Dominic,Stubbeley,dstubbeleygn@miitbeian.gov.cn,Male,2.180.237.190
601,Tildie,Beagles,tbeaglesgo@bbc.co.uk,Female,15.66.223.10
602,Mozes,Burnyate,mburnyategp@e-recht24.de,Male,0.224.168.111
603,Alvera,Giotto,agiottogq@globo.com,Female,226.31.8.185
604,Shara,Spillane,sspillanegr@usa.gov,Female,6.5.167.52
605,Tymon,Arch,tarchgs@nytimes.com,Male,199.23.173.54
606,Gianina,Rudolph,grudolphgt@ehow.com,Female,103.66.57.110
607,Shellysheldon,Gilluley,sgilluleygu@answers.com,Male,167.171.173.49
608,Melvin,Cupitt,mcupittgv@wordpress.com,Male,213.214.100.143
609,Nils,Barensen,nbarensengw@sohu.com,Polygender,234.243.112.153
610,Melamie,Cramp,mcrampgx@cyberchimps.com,Female,8.176.128.57
611,Rube,Syson,rsysongy@prlog.org,Genderfluid,57.228.228.190
612,Sampson,Dunderdale,sdunderdalegz@japanpost.jp,Male,58.214.41.8
613,Merna,Conechie,mconechieh0@com.com,Female,211.118.36.149
614,Marsha,Mimmack,mmimmackh1@booking.com,Female,209.68.168.103
615,Marion,Sugg,msuggh2@wsj.com,Female,180.150.39.252
616,Nolie,Di Giacomettino,ndigiacomettinoh3@woothemes.com,Genderfluid,216.43.83.55
617,Elita,Lavarack,elavarackh4@techcrunch.com,Female,47.111.231.249
618,Randall,Colston,rcolstonh5@imageshack.us,Male,255.133.154.254
619,Avril,Harfleet,aharfleeth6@accuweather.com,Female,38.107.108.14
620,Mercedes,Duerden,mduerdenh7@wordpress.org,Female,215.171.96.198
621,Leena,Snalom,lsnalomh8@stumbleupon.com,Female,23.134.9.72
622,Corbett,Dominguez,cdominguezh9@prweb.com,Male,38.240.194.147
623,Ariadne,William,awilliamha@trellian.com,Female,112.185.167.175
624,Stanislas,Stowers,sstowershb@goo.gl,Male,98.181.137.108
625,Kendell,Peedell,kpeedellhc@washington.edu,Male,123.209.238.43
626,Morgun,Cheke,mchekehd@dropbox.com,Male,253.79.231.116
627,Adena,Bardell,abardellhe@rediff.com,Female,232.33.91.66
628,Andris,Red,aredhf@g.co,Male,15.46.47.216
629,Elysha,Gudahy,egudahyhg@cbsnews.com,Agender,10.139.108.18
630,Fitzgerald,Buzek,fbuzekhh@msn.com,Male,148.6.17.155
631,Tim,Bedin,tbedinhi@stumbleupon.com,Male,38.197.155.213
632,Luce,Ruben,lrubenhj@hugedomains.com,Male,53.15.15.124
633,Clay,Baskerville,cbaskervillehk@zimbio.com,Male,194.106.98.4
634,Jeromy,Just,jjusthl@t-online.de,Male,237.239.55.193
635,Reeva,Richardt,rrichardthm@noaa.gov,Female,134.93.82.186
636,Dorian,Coope,dcoopehn@woothemes.com,Female,66.160.132.154
637,Rawley,Neem,rneemho@people.com.cn,Male,206.4.100.227
638,Valerie,Varey,vvareyhp@washingtonpost.com,Female,99.183.190.49
639,Meyer,Bullocke,mbullockehq@gov.uk,Male,181.186.175.116
640,Marillin,Aitchison,maitchisonhr@macromedia.com,Female,35.69.191.74
641,Zandra,Simunek,zsimunekhs@smugmug.com,Female,104.119.140.81
642,Rana,Dannell,rdannellht@google.com.hk,Female,112.160.248.95
643,Steven,Pedrazzi,spedrazzihu@fastcompany.com,Male,188.155.0.122
644,Michelle,Horche,mhorchehv@oakley.com,Female,169.59.213.250
645,Gearalt,Van Zon,gvanzonhw@domainmarket.com,Male,199.28.105.14
646,Daloris,Stollenberg,dstollenberghx@godaddy.com,Female,245.22.58.74
647,Jackie,Bichener,jbichenerhy@cnbc.com,Female,28.222.52.67
648,Adair,Harriskine,aharriskinehz@friendfeed.com,Male,117.45.250.220
649,Christina,Van de Castele,cvandecastelei0@psu.edu,Female,218.196.161.83
650,Gardie,Culver,gculveri1@java.com,Male,82.94.195.90
651,Kass,Roddan,kroddani2@yahoo.co.jp,Female,91.135.112.142
652,Morissa,MacRinn,mmacrinni3@ucla.edu,Female,87.186.79.177
653,Iain,Cullip,icullipi4@nih.gov,Male,112.6.146.216
654,Antonella,Fall,afalli5@accuweather.com,Female,178.176.136.99
655,Hardy,Roubert,hrouberti6@cargocollective.com,Genderfluid,159.92.186.76
656,Lambert,Redmore,lredmorei7@flavors.me,Male,113.11.184.161
657,Hubey,Greengrass,hgreengrassi8@photobucket.com,Male,170.142.88.76
658,Hilly,Snelle,hsnellei9@cnn.com,Male,15.118.131.74
659,Dayna,Jarmaine,djarmaineia@drupal.org,Agender,135.187.250.47
660,Danella,Lannin,dlanninib@earthlink.net,Female,204.172.62.123
661,Celle,Blodgett,cblodgettic@springer.com,Female,190.20.159.63
662,Alix,Danko,adankoid@mlb.com,Male,73.174.123.5
663,Juliette,Lukock,jlukockie@weather.com,Female,57.244.68.75
664,Averell,O'Haire,aohaireif@harvard.edu,Male,91.247.14.209
665,Glynn,Pughsley,gpughsleyig@statcounter.com,Male,250.146.47.172
666,Berne,Adamovich,badamovichih@ed.gov,Male,241.19.213.20
667,Corbett,Duiged,cduigedii@wufoo.com,Male,110.134.145.24
668,Marie,Tenant,mtenantij@twitter.com,Bigender,86.60.130.120
669,Derrik,Carreyette,dcarreyetteik@washingtonpost.com,Male,38.33.156.123
670,Amerigo,Kilfether,akilfetheril@scientificamerican.com,Male,144.24.228.129
671,Jessamine,Stefanovic,jstefanovicim@jimdo.com,Female,103.255.158.58
672,Cammi,Feirn,cfeirnin@tamu.edu,Female,102.130.64.254
673,Amity,Rickwood,arickwoodio@walmart.com,Female,239.10.205.146
674,Quincey,Huggon,qhuggonip@etsy.com,Polygender,238.83.69.108
675,Kitti,McFetrich,kmcfetrichiq@qq.com,Female,7.65.181.118
676,Alard,Mungham,amunghamir@google.ca,Male,137.189.52.145
677,Alena,Whicher,awhicheris@topsy.com,Female,83.177.78.120
678,Cassandra,Liccardi,cliccardiit@bloglovin.com,Female,155.206.66.22
679,Fanechka,Itzkowicz,fitzkowicziu@ted.com,Female,187.31.54.50
680,Bernadina,Speare,bspeareiv@symantec.com,Polygender,238.154.115.52
681,Jo,Bartalini,jbartaliniiw@devhub.com,Male,12.48.51.43
682,Manon,Czaja,mczajaix@cafepress.com,Female,137.133.63.181
683,Ileane,O'Shiel,ioshieliy@forbes.com,Polygender,51.178.209.203
684,Aldis,Rankine,arankineiz@google.it,Male,97.186.238.145
685,Cecilla,Ower,cowerj0@fotki.com,Female,77.102.33.181
686,Evey,Ashbe,eashbej1@e-recht24.de,Female,81.22.143.126
687,Timothy,Clemmow,tclemmowj2@independent.co.uk,Male,11.112.178.116
688,Roderich,Steeden,rsteedenj3@about.me,Male,244.164.243.63
689,Britney,Cleare,bclearej4@addtoany.com,Female,201.215.11.68
690,Michail,Dorsey,mdorseyj5@discovery.com,Male,118.140.235.109
691,Chrissie,Croshaw,ccroshawj6@privacy.gov.au,Male,170.230.6.26
692,Cassius,Bruce,cbrucej7@examiner.com,Male,250.226.188.172
693,Andy,Hansom,ahansomj8@ovh.net,Female,147.85.101.33
694,Theo,McNay,tmcnayj9@oracle.com,Female,120.223.212.184
695,Alix,Ivanilov,aivanilovja@dmoz.org,Female,5.92.53.110
696,Jeth,Stoffer,jstofferjb@de.vu,Male,171.62.108.213
697,Carr,Kedie,ckediejc@nationalgeographic.com,Genderqueer,84.165.33.246
698,Koral,Borg,kborgjd@1688.com,Genderfluid,197.182.123.160
699,Freemon,Hubbucks,fhubbucksje@skype.com,Male,40.153.208.39
700,Barrie,Ramsbotham,bramsbothamjf@goo.gl,Male,3.109.95.67
701,Anatola,Giddens,agiddensjg@japanpost.jp,Female,219.166.218.223
702,Tate,Sturges,tsturgesjh@clickbank.net,Male,21.52.222.132
703,Antoine,Corradino,acorradinoji@arizona.edu,Male,64.87.255.52
704,Evy,Galbreath,egalbreathjj@exblog.jp,Genderqueer,166.245.95.0
705,Lindy,Waberer,lwabererjk@usda.gov,Male,204.103.81.56
706,Hanson,Varian,hvarianjl@typepad.com,Male,96.85.69.126
707,Maddie,Cawtheray,mcawtherayjm@mashable.com,Female,24.102.188.58
708,Marylou,Faraday,mfaradayjn@dropbox.com,Female,172.244.248.65
709,Merrilee,Schreurs,mschreursjo@joomla.org,Female,189.8.64.167
710,Chic,Kivlin,ckivlinjp@ocn.ne.jp,Male,122.7.140.208
711,Loutitia,Menlove,lmenlovejq@princeton.edu,Female,70.99.123.220
712,Nichole,Sieb,nsiebjr@google.co.jp,Polygender,24.49.52.74
713,Guido,Cussins,gcussinsjs@un.org,Male,124.43.173.111
714,Bud,Baffin,bbaffinjt@free.fr,Male,158.59.51.130
715,Muffin,Lasty,mlastyju@intel.com,Female,51.72.145.6
716,Neale,Tschirschky,ntschirschkyjv@github.io,Male,120.96.134.96
717,Lucho,Norman,lnormanjw@va.gov,Male,242.210.223.13
718,Olwen,Ledgley,oledgleyjx@posterous.com,Female,225.55.230.126
719,Verene,McDowell,vmcdowelljy@instagram.com,Bigender,110.76.96.34
720,Quincy,Stawell,qstawelljz@howstuffworks.com,Bigender,184.167.215.181
721,Susanetta,Skentelbery,sskentelberyk0@chronoengine.com,Female,7.106.10.17
722,Estella,Castana,ecastanak1@reddit.com,Female,1.29.202.169
723,Urbanus,Morhall,umorhallk2@behance.net,Male,238.159.49.32
724,Annemarie,Cronshaw,acronshawk3@webeden.co.uk,Female,70.140.235.7
725,Prince,Brimham,pbrimhamk4@hugedomains.com,Male,35.88.178.101
726,Willi,Monday,wmondayk5@google.com.hk,Female,100.130.46.129
727,Junie,MacAlpin,jmacalpink6@parallels.com,Polygender,252.121.182.44
728,Alard,Lyffe,alyffek7@icq.com,Male,105.235.102.140
729,Bradly,Deacon,bdeaconk8@multiply.com,Male,198.15.159.238
730,Feliza,Moar,fmoark9@ihg.com,Non-binary,194.209.88.128
731,Frederique,Roberto,frobertoka@umn.edu,Female,217.108.87.32
732,Alasdair,Heistermann,aheistermannkb@bandcamp.com,Male,70.63.208.94
733,Austen,Kynman,akynmankc@pen.io,Male,118.152.113.61
734,Hugh,Grafton-Herbert,hgraftonherbertkd@creativecommons.org,Male,123.112.156.59
735,Georgie,O'Carran,gocarranke@cbslocal.com,Female,136.162.203.151
736,Tate,Ledbury,tledburykf@chicagotribune.com,Female,231.112.237.119
737,Faustina,Orgee,forgeekg@nature.com,Female,154.50.9.126
738,Addison,Iddon,aiddonkh@loc.gov,Male,143.190.212.50
739,Sheryl,Minci,sminciki@behance.net,Female,169.52.198.90
740,Jeanna,Aharoni,jaharonikj@dailymail.co.uk,Female,26.13.44.88
741,Reuven,Andrioli,randriolikk@meetup.com,Male,57.112.19.154
742,Zaneta,Lidden,zliddenkl@cloudflare.com,Female,192.128.140.71
743,Grier,Mance,gmancekm@hc360.com,Female,22.10.89.41
744,Windy,Deehan,wdeehankn@wikia.com,Female,118.171.48.208
745,Westbrooke,Landsbury,wlandsburyko@sphinn.com,Male,147.190.27.167
746,Mufi,Canlin,mcanlinkp@symantec.com,Non-binary,143.156.234.235
747,Sydney,Baumert,sbaumertkq@google.de,Male,142.112.94.231
748,Elwyn,Harling,eharlingkr@yolasite.com,Male,163.2.75.168
749,Filberto,Matiewe,fmatieweks@free.fr,Male,127.108.95.56
750,Blaine,Stebles,bstebleskt@howstuffworks.com,Male,232.235.23.118
751,Karoly,Paley,kpaleyku@skype.com,Male,58.196.39.48
752,Gerry,Griffitt,ggriffittkv@usa.gov,Male,222.70.213.190
753,Elsbeth,Georgi,egeorgikw@europa.eu,Female,17.28.147.61
754,Sheree,Hutchason,shutchasonkx@exblog.jp,Female,67.88.160.231
755,Fidelia,Connaughton,fconnaughtonky@prlog.org,Female,110.216.68.180
756,Lulu,Briance,lbriancekz@weebly.com,Female,32.253.211.114
757,Samuele,Foggo,sfoggol0@ifeng.com,Male,216.162.110.126
758,Imojean,McIntosh,imcintoshl1@google.cn,Female,152.243.105.164
759,Sorcha,Verbeek,sverbeekl2@creativecommons.org,Female,42.155.15.202
760,Rois,Stebbings,rstebbingsl3@shutterfly.com,Female,88.92.39.194
761,Jessy,Huntall,jhuntalll4@latimes.com,Female,152.187.64.204
762,Lauree,McMeanma,lmcmeanmal5@newsvine.com,Female,44.56.130.80
763,Bord,Popeley,bpopeleyl6@yolasite.com,Male,133.68.38.244
764,Waylon,Everal,weverall7@parallels.com,Male,38.222.98.73
765,Noble,Hallett,nhallettl8@last.fm,Male,242.161.157.99
766,Paulie,Pumfrett,ppumfrettl9@mayoclinic.com,Male,68.122.153.255
767,Richart,Maylard,rmaylardla@auda.org.au,Male,117.150.116.246
768,Franklin,Lougheid,flougheidlb@i2i.jp,Male,5.191.187.98
769,Shanna,Asquez,sasquezlc@opensource.org,Female,106.40.215.43
770,Myrah,Milan,mmilanld@msu.edu,Female,215.4.59.55
771,Garek,Yacobsohn,gyacobsohnle@discuz.net,Male,210.162.3.173
772,Herculie,Falla,hfallalf@go.com,Male,176.152.239.208
773,Hillyer,Flippelli,hflippellilg@census.gov,Male,154.189.164.150
774,Janine,Varnals,jvarnalslh@instagram.com,Female,196.203.67.136
775,Griffin,Workman,gworkmanli@buzzfeed.com,Male,132.95.150.222
776,Saba,Pawelski,spawelskilj@behance.net,Female,221.52.196.252
777,Lindie,Raynton,lrayntonlk@nsw.gov.au,Female,139.239.10.231
778,Gussy,Jime,gjimell@usnews.com,Female,62.239.82.138
779,Neely,Ciccottio,nciccottiolm@java.com,Agender,76.9.57.213
780,Pearl,Haskur,phaskurln@chronoengine.com,Female,143.44.247.40
781,Abigale,Borthram,aborthramlo@qq.com,Female,53.150.163.71
782,Abbott,Simenot,asimenotlp@rambler.ru,Male,38.242.77.232
783,Mahmoud,Devenish,mdevenishlq@sina.com.cn,Agender,202.189.142.186
784,Belicia,La Rosa,blarosalr@sogou.com,Female,101.2.88.105
785,Ansley,Gaishson,agaishsonls@newsvine.com,Female,166.39.112.65
786,Judah,Kinrade,jkinradelt@friendfeed.com,Male,206.88.161.164
787,Jany,Bloxsum,jbloxsumlu@woothemes.com,Female,151.31.28.183
788,Neda,Gull,ngulllv@eventbrite.com,Female,104.229.31.56
789,Mischa,Kelwaybamber,mkelwaybamberlw@baidu.com,Genderqueer,111.140.149.214
790,Fredi,Gladwell,fgladwelllx@ftc.gov,Female,245.194.141.56
791,Donalt,Roistone,droistonely@cnn.com,Male,154.36.2.91
792,Barrett,Blader,bbladerlz@irs.gov,Male,31.84.23.212
793,Elsie,Dunsire,edunsirem0@bigcartel.com,Female,214.34.165.148
794,Jaine,Broy,jbroym1@gov.uk,Female,99.190.0.16
795,Darbie,Lewins,dlewinsm2@wiley.com,Agender,118.242.23.15
796,Gabbie,Quarry,gquarrym3@biglobe.ne.jp,Male,41.211.210.127
797,Thaine,Fitch,tfitchm4@howstuffworks.com,Male,49.106.156.117
798,Cull,Marson,cmarsonm5@multiply.com,Male,44.117.240.251
799,Dorree,Le Noury,dlenourym6@wunderground.com,Female,55.98.21.97
800,Jarib,Clinnick,jclinnickm7@google.de,Male,204.41.127.98
801,Damaris,Goghin,dgoghinm8@sun.com,Female,121.244.247.61
802,Lin,Buchan,lbuchanm9@taobao.com,Male,251.176.124.58
803,Emlyn,Aspell,easpellma@123-reg.co.uk,Female,188.121.161.121
804,Sidonia,Wagen,swagenmb@tinyurl.com,Female,76.81.39.228
805,Nicholas,Conti,ncontimc@oracle.com,Male,232.255.231.56
806,Josi,Tather,jtathermd@sakura.ne.jp,Female,148.220.92.225
807,Dolli,O'Halligan,dohalliganme@soundcloud.com,Female,19.162.13.139
808,Annadiane,Stuckey,astuckeymf@bloglines.com,Female,148.227.94.118
809,Basilio,Emerson,bemersonmg@alibaba.com,Male,131.199.239.101
810,Arlena,Lune,alunemh@bing.com,Female,210.70.125.169
811,Perceval,Goneau,pgoneaumi@chronoengine.com,Male,40.84.218.226
812,Josselyn,Cheke,jchekemj@state.gov,Female,153.108.193.251
813,Benji,Dawney,bdawneymk@nationalgeographic.com,Male,245.171.207.26
814,Kath,Krol,kkrolml@cbc.ca,Female,197.55.217.246
815,Chadwick,Backs,cbacksmm@1688.com,Male,220.247.93.8
816,Aguste,Gebuhr,agebuhrmn@networksolutions.com,Male,87.4.134.15
817,Krissie,Hun,khunmo@dion.ne.jp,Female,6.132.29.180
818,Veronika,Bygreaves,vbygreavesmp@flickr.com,Female,182.154.230.168
819,Carol-jean,Mordue,cmorduemq@purevolume.com,Female,128.177.41.4
820,Farlay,Skerratt,fskerrattmr@soup.io,Male,149.98.107.21
821,Danni,Drewson,ddrewsonms@indiegogo.com,Female,126.85.177.240
822,Jerri,Warnock,jwarnockmt@ucsd.edu,Male,0.63.169.113
823,Saxe,Cooksley,scooksleymu@biblegateway.com,Male,165.35.234.228
824,Heidie,Trays,htraysmv@noaa.gov,Female,121.249.153.20
825,Krissy,Pilipyak,kpilipyakmw@bloglovin.com,Female,105.183.41.206
826,Alvina,Zanuciolii,azanucioliimx@topsy.com,Female,107.95.42.202
827,Ashton,Tydeman,atydemanmy@house.gov,Male,47.14.108.97
828,Dick,Kneller,dknellermz@apple.com,Male,75.149.117.149
829,Baillie,Quayle,bquaylen0@myspace.com,Male,139.242.9.67
830,Bentley,Ettridge,bettridgen1@spiegel.de,Male,165.193.31.20
831,Karly,Bernon,kbernonn2@china.com.cn,Polygender,113.156.188.96
832,Jenifer,McCurdy,jmccurdyn3@noaa.gov,Non-binary,230.16.166.5
833,Carolann,Mindenhall,cmindenhalln4@sogou.com,Female,187.178.73.104
834,Dayna,Deards,ddeardsn5@businesswire.com,Female,90.137.20.113
835,Ardath,Baughn,abaughnn6@pinterest.com,Female,10.202.123.94
836,Jillane,Thresh,jthreshn7@studiopress.com,Female,159.76.31.251
837,Kerwinn,Daines,kdainesn8@theglobeandmail.com,Male,245.29.247.182
838,Marilee,Robertshaw,mrobertshawn9@dedecms.com,Female,77.123.68.43
839,Chantalle,Risson,crissonna@vimeo.com,Female,159.2.210.223
840,Carlyn,Jodrelle,cjodrellenb@edublogs.org,Female,184.234.67.97
841,Lia,Lanchester,llanchesternc@diigo.com,Female,60.255.152.29
842,Latrina,Vallentin,lvallentinnd@canalblog.com,Female,178.226.152.96
843,Cthrine,Cross,ccrossne@google.ca,Female,125.22.126.142
844,Daisi,Mark,dmarknf@weather.com,Female,183.74.86.94
845,Maddi,Spittal,mspittalng@netlog.com,Agender,77.163.184.135
846,Guthrey,Calverd,gcalverdnh@g.co,Male,34.29.169.219
847,Kimberlee,McCritichie,kmccritichieni@biglobe.ne.jp,Female,210.36.162.109
848,Lay,Worvell,lworvellnj@tiny.cc,Male,106.138.249.56
849,Faulkner,Caley,fcaleynk@miitbeian.gov.cn,Agender,102.164.220.191
850,Fredericka,Howlett,fhowlettnl@chronoengine.com,Female,199.50.219.75
851,Roderigo,Hamblyn,rhamblynnm@devhub.com,Genderfluid,81.7.141.180
852,Vivi,Baudinet,vbaudinetnn@accuweather.com,Female,226.238.76.223
853,Cristin,Basten,cbastenno@github.io,Female,213.9.117.227
854,Shanta,Healey,shealeynp@shinystat.com,Female,145.188.46.102
855,Rheba,Hark,rharknq@jalbum.net,Female,123.22.123.213
856,Rafaelia,Baldam,rbaldamnr@seattletimes.com,Female,220.137.73.39
857,Ardenia,Chester,achesterns@cdbaby.com,Female,144.211.36.190
858,Annice,Penas,apenasnt@geocities.com,Female,114.177.89.207
859,Jorey,Folder,jfoldernu@wordpress.org,Female,130.95.41.130
860,Clyde,Vayro,cvayronv@mashable.com,Male,100.241.74.138
861,Greggory,Causby,gcausbynw@timesonline.co.uk,Male,238.167.92.238
862,Sally,Yardley,syardleynx@gmpg.org,Female,208.89.184.199
863,Thaxter,Bryning,tbryningny@washington.edu,Male,249.1.85.146
864,Johann,Diplock,jdiplocknz@list-manage.com,Male,192.234.221.58
865,Ernesto,Hasloch,ehaslocho0@yandex.ru,Male,55.70.194.104
866,Chere,Mackrell,cmackrello1@goo.gl,Female,198.233.101.202
867,Erminie,Wasmuth,ewasmutho2@sitemeter.com,Female,219.81.96.26
868,Sofia,Ivanshintsev,sivanshintsevo3@cyberchimps.com,Female,29.157.85.79
869,Bryn,Bausor,bbausoro4@furl.net,Genderqueer,2.228.152.30
870,Ario,Daleman,adalemano5@sina.com.cn,Male,127.3.255.104
871,Jerrine,Sachno,jsachnoo6@hugedomains.com,Female,194.243.67.81
872,Jermayne,Blumson,jblumsono7@mapy.cz,Male,159.200.1.29
873,Drona,Greensmith,dgreensmitho8@dagondesign.com,Female,46.251.201.127
874,Wylie,Basnall,wbasnallo9@goo.gl,Male,189.130.166.248
875,Nadine,Smith,nsmithoa@smugmug.com,Female,255.91.157.55
876,Agnes,Canny,acannyob@nifty.com,Female,200.56.43.90
877,Darrel,Sanderson,dsandersonoc@unc.edu,Male,248.162.67.39
878,Carlie,Bronot,cbronotod@goodreads.com,Female,215.249.159.208
879,Fredelia,Klimov,fklimovoe@msn.com,Female,198.176.115.198
880,Frieda,Pentony,fpentonyof@fema.gov,Female,11.218.48.95
881,Ernestus,Luto,elutoog@xing.com,Male,186.172.222.119
882,Hildegaard,Gilbride,hgilbrideoh@hp.com,Female,111.146.187.110
883,Aileen,Butters,abuttersoi@twitpic.com,Female,124.69.118.113
884,Maude,Kerin,mkerinoj@time.com,Female,207.119.140.196
885,Roley,Weagener,rweagenerok@berkeley.edu,Male,233.7.220.222
886,Thelma,Perutto,tperuttool@godaddy.com,Female,205.111.32.228
887,Bertina,Baudasso,bbaudassoom@nytimes.com,Female,205.158.144.171
888,Jermain,Cuardall,jcuardallon@goodreads.com,Male,140.57.53.137
889,Nellie,Piddlehinton,npiddlehintonoo@dot.gov,Female,70.29.182.185
890,Lev,MacElharge,lmacelhargeop@census.gov,Male,90.207.178.106
891,Gradey,Stanger,gstangeroq@theatlantic.com,Male,240.44.144.230
892,Fedora,Nye,fnyeor@google.com.hk,Female,125.130.11.70
893,Loralee,Pillans,lpillansos@ca.gov,Female,53.142.25.130
894,Hurley,Taffee,htaffeeot@mlb.com,Male,30.193.244.147
895,Glendon,Habble,ghabbleou@hc360.com,Male,65.45.202.25
896,Kelsey,Brandham,kbrandhamov@unblog.fr,Male,63.0.235.114
897,Andrea,Mallabon,amallabonow@multiply.com,Female,145.121.220.79
898,Corena,Radnedge,cradnedgeox@eepurl.com,Female,91.195.95.72
899,Fredrick,Wyles,fwylesoy@xrea.com,Male,230.106.77.109
900,Kimmy,Greschik,kgreschikoz@goo.gl,Female,126.244.204.19
901,Hussein,Daintree,hdaintreep0@wsj.com,Male,187.42.200.172
902,Banky,Tchir,btchirp1@miibeian.gov.cn,Male,40.93.58.24
903,Addi,Atcheson,aatchesonp2@goo.gl,Female,168.193.42.238
904,Guy,O'Daly,godalyp3@latimes.com,Male,227.190.94.54
905,Liva,MacTrustram,lmactrustramp4@nationalgeographic.com,Genderfluid,54.61.36.235
906,Hartley,Armit,harmitp5@macromedia.com,Male,11.152.216.240
907,Scarface,Jenckes,sjenckesp6@amazon.co.uk,Male,127.112.184.254
908,Dayle,Dorricott,ddorricottp7@virginia.edu,Female,217.65.214.101
909,Ricca,Duffett,rduffettp8@taobao.com,Female,142.160.208.180
910,Rouvin,Barzen,rbarzenp9@wix.com,Male,81.182.138.26
911,Kassey,Srawley,ksrawleypa@amazonaws.com,Female,238.54.63.242
912,Cinnamon,Poad,cpoadpb@ed.gov,Female,238.43.226.38
913,Killy,Espinosa,kespinosapc@smugmug.com,Male,223.155.43.125
914,Angelika,Harse,aharsepd@creativecommons.org,Female,252.190.73.238
915,Tyson,Herreros,therrerospe@imgur.com,Male,82.139.228.42
916,Elva,Rubinowitsch,erubinowitschpf@ustream.tv,Female,206.232.44.145
917,Kelsey,Daymont,kdaymontpg@vistaprint.com,Male,233.154.7.14
918,Benson,Pirson,bpirsonph@digg.com,Polygender,124.71.153.7
919,Brook,Brunsden,bbrunsdenpi@eepurl.com,Male,128.199.19.66
920,Kaela,Egell,kegellpj@friendfeed.com,Genderfluid,194.168.206.136
921,Trstram,Peto,tpetopk@phpbb.com,Male,129.142.98.156
922,Cathrin,Gierke,cgierkepl@liveinternet.ru,Female,227.79.210.4
923,Conroy,Martschke,cmartschkepm@yahoo.com,Male,93.9.72.204
924,Petunia,Baggelley,pbaggelleypn@dyndns.org,Agender,56.215.104.222
925,Boote,Christal,bchristalpo@ustream.tv,Male,90.58.79.248
926,Ronny,Stendell,rstendellpp@mozilla.com,Female,201.151.227.25
927,Hazel,Gabbott,hgabbottpq@plala.or.jp,Genderqueer,121.195.67.215
928,Adella,Ourtic,aourticpr@hexun.com,Female,77.149.68.12
929,Renault,Rochell,rrochellps@free.fr,Male,236.159.25.223
930,Janey,Kield,jkieldpt@wikispaces.com,Female,181.158.196.157
931,Arnuad,Biagini,abiaginipu@soundcloud.com,Male,147.211.203.160
932,Randy,Drei,rdreipv@cyberchimps.com,Female,202.64.239.140
933,Isabelita,Mackieson,imackiesonpw@sbwire.com,Female,223.128.145.207
934,Erhart,Valois,evaloispx@mediafire.com,Male,123.239.240.70
935,Abbie,Moakes,amoakespy@youtube.com,Male,139.167.70.52
936,Pascal,Cancutt,pcancuttpz@globo.com,Male,127.72.96.132
937,Bevin,Pittwood,bpittwoodq0@about.com,Male,116.196.128.58
938,Carrie,Patty,cpattyq1@drupal.org,Female,0.111.148.232
939,Jillana,Gebbie,jgebbieq2@msn.com,Female,217.194.125.0
940,Delphine,O'Ruane,doruaneq3@ameblo.jp,Female,164.208.57.87
941,Moyra,De Domenicis,mdedomenicisq4@bandcamp.com,Agender,232.89.111.39
942,Dorie,Succamore,dsuccamoreq5@a8.net,Male,1.104.8.100
943,Belvia,Teligin,bteliginq6@wiley.com,Female,86.242.79.27
944,Lilian,Langsbury,llangsburyq7@accuweather.com,Female,151.55.103.106
945,Ailbert,Bazell,abazellq8@nhs.uk,Male,207.100.247.114
946,Mathilda,Kubczak,mkubczakq9@hhs.gov,Female,196.29.150.246
947,Norman,Filipovic,nfilipovicqa@sphinn.com,Male,141.212.200.55
948,Valentine,Bassford,vbassfordqb@merriam-webster.com,Genderfluid,116.11.133.171
949,Noland,Canti,ncantiqc@stanford.edu,Male,219.171.152.73
950,Jackson,Hammerberg,jhammerbergqd@noaa.gov,Male,6.244.253.25
951,Celka,Kenwright,ckenwrightqe@tinypic.com,Female,177.142.13.220
952,Terrye,Figure,tfigureqf@behance.net,Female,94.170.186.244
953,Franciska,Bosworth,fbosworthqg@google.co.jp,Female,146.243.100.108
954,Imelda,Vanyakin,ivanyakinqh@bbb.org,Female,156.206.68.66
955,Fredericka,Thomasen,fthomasenqi@youtu.be,Female,16.63.229.78
956,Tarrance,Oury,touryqj@gov.uk,Male,2.178.22.101
957,Collette,MacGaughy,cmacgaughyqk@reddit.com,Female,42.171.248.250
958,Annmaria,Mullord,amullordql@pcworld.com,Female,216.44.239.35
959,Larina,Sill,lsillqm@engadget.com,Female,4.11.70.253
960,Modestine,Purry,mpurryqn@blogs.com,Female,101.6.38.245
961,Pearline,Mildmott,pmildmottqo@odnoklassniki.ru,Genderfluid,11.233.226.206
962,Jan,Urian,jurianqp@myspace.com,Female,245.146.151.106
963,Tiphany,Baggett,tbaggettqq@ezinearticles.com,Female,93.18.153.146
964,Savina,Fallanche,sfallancheqr@etsy.com,Female,92.214.141.54
965,Arnoldo,Ricciardelli,aricciardelliqs@nature.com,Male,42.236.60.71
966,Donica,Clemo,dclemoqt@example.com,Female,131.3.45.157
967,Kenny,Redgrave,kredgravequ@nymag.com,Male,246.91.182.168
968,Nessie,Maric,nmaricqv@hc360.com,Female,115.188.181.117
969,Marlo,Butrimovich,mbutrimovichqw@go.com,Male,80.220.172.249
970,Christan,Westphalen,cwestphalenqx@vimeo.com,Female,183.161.141.100
971,Thaddus,Lind,tlindqy@about.com,Male,193.19.254.61
972,Abe,Jerrems,ajerremsqz@taobao.com,Male,75.81.137.0
973,Vally,Ingledew,vingledewr0@shareasale.com,Female,252.225.227.22
974,Carolynn,Luke,cluker1@constantcontact.com,Female,151.245.239.137
975,Belinda,Hayton,bhaytonr2@jugem.jp,Non-binary,178.175.160.129
976,Heidi,Farherty,hfarhertyr3@jiathis.com,Female,223.132.254.17
977,Susannah,Maymond,smaymondr4@bloglovin.com,Female,90.211.249.147
978,Francklin,Fruser,ffruserr5@cyberchimps.com,Male,143.40.118.131
979,Ilaire,Deverille,ideveriller6@ustream.tv,Male,76.112.47.180
980,Loise,Dumbrall,ldumbrallr7@omniture.com,Female,40.171.146.202
981,Fanechka,Cradey,fcradeyr8@google.com.br,Female,97.83.192.216
982,Windham,Ney,wneyr9@toplist.cz,Male,192.234.100.66
983,Nanci,Ottam,nottamra@plala.or.jp,Female,176.186.77.120
984,Gaby,McIleen,gmcileenrb@msu.edu,Male,228.225.145.37
985,Anderea,Traves,atravesrc@ehow.com,Female,79.24.252.19
986,Moll,Walch,mwalchrd@cargocollective.com,Female,150.74.51.234
987,Kendell,Scourfield,kscourfieldre@skype.com,Non-binary,25.230.171.45
988,Sophi,Defew,sdefewrf@oakley.com,Female,203.58.67.112
989,Cornelia,Roncelli,croncellirg@yolasite.com,Female,48.92.161.215
990,Billye,Linskey,blinskeyrh@clickbank.net,Non-binary,181.180.6.244
991,Joey,McGilroy,jmcgilroyri@infoseek.co.jp,Female,133.95.137.22
992,Jacky,Philippault,jphilippaultrj@tumblr.com,Male,76.137.160.76
993,Cullen,Tomlins,ctomlinsrk@ehow.com,Genderqueer,188.174.100.251
994,Ashil,Raddan,araddanrl@sogou.com,Female,198.251.35.61
995,Jobi,Ellissen,jellissenrm@opensource.org,Female,231.68.66.216
996,Tyne,Collopy,tcollopyrn@comsenz.com,Female,211.159.204.218
997,Ondrea,Greim,ogreimro@cornell.edu,Female,172.9.172.172
998,Daphna,Bayston,dbaystonrp@dyndns.org,Female,185.250.100.177
999,Nathanil,Dryburgh,ndryburghrq@purevolume.com,Male,80.148.215.171
1000,Giusto,Farry,gfarryrr@last.fm,Male,173.226.147.232
